Name,Count
Pink,4

Tool,Interpretation,GPR Line,Position (m),Depth (m),Velocity,GPS-Easting (33X),GPS-Northing (33X),Latitude,Longitude,GPS-Elevation,Comment
Point,Pink,Lineset/line1,60.30,5.86,Moist Soil (0.1 m/ns),513823.29999999999,8682432.7699999996,78.214975699999997,15.6062937,74.379999999999995,
Point,Pink,Lineset/line20,12.64,4.38,Moist Soil (0.1 m/ns),513789.46000000002,8682428.9499999993,78.214944599999995,15.604807599999999,84.799999999999997,
Point,Pink,Lineset/line20,20.45,6.99,Moist Soil (0.1 m/ns),513790.40999999997,8682429.4299999997,78.214948800000002,15.604849400000001,85.640000000000001,
Point,Pink,Lineset/line20,21.61,6.99,Moist Soil (0.1 m/ns),513790.23999999999,8682429.3900000006,78.214948500000006,15.6048419,85.640000000000001,
